"file","caption","category","png_time","StartTime","basename","dirname","dirname2","path"
"bio1_sizeatage.png","Length at age in the beginning of the year (or season) in the ending year of the model. Shaded area indicates 95% distribution of length at age around estimated growth curve.","Bio",2019-08-06 12:19:53,"StartTime: Sun Aug 04 11:06:27 2019","bio1_sizeatage.png",".",".","./bio1_sizeatage.png"
"bio2_sizeatage_plus_CV_and_SD.png","Length at age (top-left panel) with CV (thick line) and SD (thin line) of length at age shown in top-right and lower-left panels","Bio",2019-08-06 12:19:53,"StartTime: Sun Aug 04 11:06:27 2019","bio2_sizeatage_plus_CV_and_SD.png",".",".","./bio2_sizeatage_plus_CV_and_SD.png"
"bio3_sizeatage_plus_WT_and_MAT.png","Length at age (top-left panel) with weight (thick line) and maturity (thin line) shown in top-right and lower-left panels","Bio",2019-08-06 12:19:53,"StartTime: Sun Aug 04 11:06:27 2019","bio3_sizeatage_plus_WT_and_MAT.png",".",".","./bio3_sizeatage_plus_WT_and_MAT.png"
"bio1B_len_at_age_matrix_1.png","Distribution of length at age for seas: 1 sub_seas: 1 morph: 1","Bio",2019-08-06 12:19:53,"StartTime: Sun Aug 04 11:06:27 2019","bio1B_len_at_age_matrix_1.png",".",".","./bio1B_len_at_age_matrix_1.png"
"bio1B_len_at_age_matrix_2.png","Distribution of length at age for seas: 1 sub_seas: 2 morph: 1","Bio",2019-08-06 12:19:53,"StartTime: Sun Aug 04 11:06:27 2019","bio1B_len_at_age_matrix_2.png",".",".","./bio1B_len_at_age_matrix_2.png"
"bio5_weightatsize.png","Weight-length relationship","Bio",2019-08-06 12:19:53,"StartTime: Sun Aug 04 11:06:27 2019","bio5_weightatsize.png",".",".","./bio5_weightatsize.png"
"bio6_maturity.png","Maturity at length","Bio",2019-08-06 12:19:53,"StartTime: Sun Aug 04 11:06:27 2019","bio6_maturity.png",".",".","./bio6_maturity.png"
"bio7_fecundity.png","Fecundity","Bio",2019-08-06 12:19:53,"StartTime: Sun Aug 04 11:06:27 2019","bio7_fecundity.png",".",".","./bio7_fecundity.png"
"bio10_spawningoutput_len.png","Spawning output at length. This is the product of maturity and fecundity unless maturity is age-based, in which case only fecundity is represented.","Bio",2019-08-06 12:19:53,"StartTime: Sun Aug 04 11:06:27 2019","bio10_spawningoutput_len.png",".",".","./bio10_spawningoutput_len.png"
"bio11_spawningoutput_age.png","Spawning output at age. This is the product of maturity and fecundity. When these processes are length-based they are converted into the age dimension using the matrix of length at age.","Bio",2019-08-06 12:19:53,"StartTime: Sun Aug 04 11:06:27 2019","bio11_spawningoutput_age.png",".",".","./bio11_spawningoutput_age.png"
"sel01_multiple_fleets_length1.png","Selectivity at length for multiple fleets.","Sel",2019-08-06 12:19:53,"StartTime: Sun Aug 04 11:06:27 2019","sel01_multiple_fleets_length1.png",".",".","./sel01_multiple_fleets_length1.png"
"sel02_multiple_fleets_age1.png","Selectivity at age for multiple fleets.","Sel",2019-08-06 12:19:53,"StartTime: Sun Aug 04 11:06:27 2019","sel02_multiple_fleets_age1.png",".",".","./sel02_multiple_fleets_age1.png"
"sel02_multiple_fleets_age2.png","Selectivity at age derived from selectivity at length for multiple fleets.","Sel",2019-08-06 12:19:53,"StartTime: Sun Aug 04 11:06:27 2019","sel02_multiple_fleets_age2.png",".",".","./sel02_multiple_fleets_age2.png"
"sel09_len_flt1sex1.png","Ending year selectivity for Com","Sel",2019-08-06 12:19:53,"StartTime: Sun Aug 04 11:06:27 2019","sel09_len_flt1sex1.png",".",".","./sel09_len_flt1sex1.png"
"sel09_len_flt2sex1.png","Ending year selectivity for RecNorth","Sel",2019-08-06 12:19:53,"StartTime: Sun Aug 04 11:06:27 2019","sel09_len_flt2sex1.png",".",".","./sel09_len_flt2sex1.png"
"sel09_len_flt3sex1.png","Ending year selectivity for RecSouth","Sel",2019-08-06 12:19:53,"StartTime: Sun Aug 04 11:06:27 2019","sel09_len_flt3sex1.png",".",".","./sel09_len_flt3sex1.png"
"sel09_len_flt4sex1.png","Ending year selectivity for DebCPFV","Sel",2019-08-06 12:19:53,"StartTime: Sun Aug 04 11:06:27 2019","sel09_len_flt4sex1.png",".",".","./sel09_len_flt4sex1.png"
"sel09_len_flt5sex1.png","Ending year selectivity for RecOnboardNorth","Sel",2019-08-06 12:19:53,"StartTime: Sun Aug 04 11:06:27 2019","sel09_len_flt5sex1.png",".",".","./sel09_len_flt5sex1.png"
"sel09_len_flt6sex1.png","Ending year selectivity for PISCO","Sel",2019-08-06 12:19:53,"StartTime: Sun Aug 04 11:06:27 2019","sel09_len_flt6sex1.png",".",".","./sel09_len_flt6sex1.png"
"sel09_len_flt7sex1.png","Ending year selectivity for CCFRP","Sel",2019-08-06 12:19:53,"StartTime: Sun Aug 04 11:06:27 2019","sel09_len_flt7sex1.png",".",".","./sel09_len_flt7sex1.png"
"sel09_len_flt8sex1.png","Ending year selectivity for RecDocksideNorth","Sel",2019-08-06 12:19:53,"StartTime: Sun Aug 04 11:06:27 2019","sel09_len_flt8sex1.png",".",".","./sel09_len_flt8sex1.png"
"sel14_age_flt10sex1.png","Ending year selectivity for PISCOage0","Sel",2019-08-06 12:19:53,"StartTime: Sun Aug 04 11:06:27 2019","sel14_age_flt10sex1.png",".",".","./sel14_age_flt10sex1.png"
"sel21_agelen_contour_flt1sex1.png","Ending year selectivity and growth for Com","Sel",2019-08-06 12:19:53,"StartTime: Sun Aug 04 11:06:27 2019","sel21_agelen_contour_flt1sex1.png",".",".","./sel21_agelen_contour_flt1sex1.png"
"sel21_agelen_contour_flt2sex1.png","Ending year selectivity and growth for RecNorth","Sel",2019-08-06 12:19:53,"StartTime: Sun Aug 04 11:06:27 2019","sel21_agelen_contour_flt2sex1.png",".",".","./sel21_agelen_contour_flt2sex1.png"
"sel21_agelen_contour_flt3sex1.png","Ending year selectivity and growth for RecSouth","Sel",2019-08-06 12:19:53,"StartTime: Sun Aug 04 11:06:27 2019","sel21_agelen_contour_flt3sex1.png",".",".","./sel21_agelen_contour_flt3sex1.png"
"sel21_agelen_contour_flt4sex1.png","Ending year selectivity and growth for DebCPFV","Sel",2019-08-06 12:19:53,"StartTime: Sun Aug 04 11:06:27 2019","sel21_agelen_contour_flt4sex1.png",".",".","./sel21_agelen_contour_flt4sex1.png"
"sel21_agelen_contour_flt5sex1.png","Ending year selectivity and growth for RecOnboardNorth","Sel",2019-08-06 12:19:53,"StartTime: Sun Aug 04 11:06:27 2019","sel21_agelen_contour_flt5sex1.png",".",".","./sel21_agelen_contour_flt5sex1.png"
"sel21_agelen_contour_flt6sex1.png","Ending year selectivity and growth for PISCO","Sel",2019-08-06 12:19:53,"StartTime: Sun Aug 04 11:06:27 2019","sel21_agelen_contour_flt6sex1.png",".",".","./sel21_agelen_contour_flt6sex1.png"
"sel21_agelen_contour_flt7sex1.png","Ending year selectivity and growth for CCFRP","Sel",2019-08-06 12:19:53,"StartTime: Sun Aug 04 11:06:27 2019","sel21_agelen_contour_flt7sex1.png",".",".","./sel21_agelen_contour_flt7sex1.png"
"sel21_agelen_contour_flt8sex1.png","Ending year selectivity and growth for RecDocksideNorth","Sel",2019-08-06 12:19:53,"StartTime: Sun Aug 04 11:06:27 2019","sel21_agelen_contour_flt8sex1.png",".",".","./sel21_agelen_contour_flt8sex1.png"
"ts1_Total_biomass_(mt).png","Total biomass (mt)","Timeseries",2019-08-06 12:19:53,"StartTime: Sun Aug 04 11:06:27 2019","ts1_Total_biomass_(mt).png",".",".","./ts1_Total_biomass_(mt).png"
"ts1_Total_biomass_(mt)_with_forecast_forecast.png","Total biomass (mt) with forecast","Timeseries",2019-08-06 12:19:53,"StartTime: Sun Aug 04 11:06:27 2019","ts1_Total_biomass_(mt)_with_forecast_forecast.png",".",".","./ts1_Total_biomass_(mt)_with_forecast_forecast.png"
"ts4_Summary_biomass_(mt).png","Summary biomass (mt)","Timeseries",2019-08-06 12:19:53,"StartTime: Sun Aug 04 11:06:27 2019","ts4_Summary_biomass_(mt).png",".",".","./ts4_Summary_biomass_(mt).png"
"ts4_Summary_biomass_(mt)_with_forecast_forecast.png","Summary biomass (mt) with forecast","Timeseries",2019-08-06 12:19:53,"StartTime: Sun Aug 04 11:06:27 2019","ts4_Summary_biomass_(mt)_with_forecast_forecast.png",".",".","./ts4_Summary_biomass_(mt)_with_forecast_forecast.png"
"ts7_Spawning_output.png","Spawning output","Timeseries",2019-08-06 12:19:53,"StartTime: Sun Aug 04 11:06:27 2019","ts7_Spawning_output.png",".",".","./ts7_Spawning_output.png"
"ts7_Spawning_output_with_95_asymptotic_intervals_intervals.png","Spawning output with ~95% asymptotic intervals","Timeseries",2019-08-06 12:19:53,"StartTime: Sun Aug 04 11:06:27 2019","ts7_Spawning_output_with_95_asymptotic_intervals_intervals.png",".",".","./ts7_Spawning_output_with_95_asymptotic_intervals_intervals.png"
"ts7_Spawning_output_with_forecast_forecast.png","Spawning output with forecast","Timeseries",2019-08-06 12:19:53,"StartTime: Sun Aug 04 11:06:27 2019","ts7_Spawning_output_with_forecast_forecast.png",".",".","./ts7_Spawning_output_with_forecast_forecast.png"
"ts7_Spawning_output_with_forecast_with_95_asymptotic_intervals_forecast_intervals.png","Spawning output with forecast with ~95% asymptotic intervals","Timeseries",2019-08-06 12:19:53,"StartTime: Sun Aug 04 11:06:27 2019","ts7_Spawning_output_with_forecast_with_95_asymptotic_intervals_forecast_intervals.png",".",".","./ts7_Spawning_output_with_forecast_with_95_asymptotic_intervals_forecast_intervals.png"
"ts9_Fraction_of_unfished.png","Fraction of unfished","Timeseries",2019-08-06 12:19:53,"StartTime: Sun Aug 04 11:06:27 2019","ts9_Fraction_of_unfished.png",".",".","./ts9_Fraction_of_unfished.png"
"ts9_Fraction_of_unfished_with_95_asymptotic_intervals_intervals.png","Fraction of unfished with ~95% asymptotic intervals","Timeseries",2019-08-06 12:19:53,"StartTime: Sun Aug 04 11:06:27 2019","ts9_Fraction_of_unfished_with_95_asymptotic_intervals_intervals.png",".",".","./ts9_Fraction_of_unfished_with_95_asymptotic_intervals_intervals.png"
"ts9_Fraction_of_unfished_with_forecast_forecast.png","Fraction of unfished with forecast","Timeseries",2019-08-06 12:19:53,"StartTime: Sun Aug 04 11:06:27 2019","ts9_Fraction_of_unfished_with_forecast_forecast.png",".",".","./ts9_Fraction_of_unfished_with_forecast_forecast.png"
"ts9_Fraction_of_unfished_with_forecast_with_95_asymptotic_intervals_forecast_intervals.png","Fraction of unfished with forecast with ~95% asymptotic intervals","Timeseries",2019-08-06 12:19:53,"StartTime: Sun Aug 04 11:06:27 2019","ts9_Fraction_of_unfished_with_forecast_with_95_asymptotic_intervals_forecast_intervals.png",".",".","./ts9_Fraction_of_unfished_with_forecast_with_95_asymptotic_intervals_forecast_intervals.png"
"ts11_Age-0_recruits_(1000s).png","Age-0 recruits (1,000s)","Timeseries",2019-08-06 12:19:53,"StartTime: Sun Aug 04 11:06:27 2019","ts11_Age-0_recruits_(1000s).png",".",".","./ts11_Age-0_recruits_(1000s).png"
"ts11_Age-0_recruits_(1000s)_with_95_asymptotic_intervals.png","Age-0 recruits (1,000s) with ~95% asymptotic intervals","Timeseries",2019-08-06 12:19:53,"StartTime: Sun Aug 04 11:06:27 2019","ts11_Age-0_recruits_(1000s)_with_95_asymptotic_intervals.png",".",".","./ts11_Age-0_recruits_(1000s)_with_95_asymptotic_intervals.png"
"ts11_Age-0_recruits_(1000s)_with_forecast_forecast.png","Age-0 recruits (1,000s) with forecast","Timeseries",2019-08-06 12:19:53,"StartTime: Sun Aug 04 11:06:27 2019","ts11_Age-0_recruits_(1000s)_with_forecast_forecast.png",".",".","./ts11_Age-0_recruits_(1000s)_with_forecast_forecast.png"
"ts11_Age-0_recruits_(1000s)_with_forecast_with_95_asymptotic_intervals_forecast.png","Age-0 recruits (1,000s) with forecast with ~95% asymptotic intervals","Timeseries",2019-08-06 12:19:53,"StartTime: Sun Aug 04 11:06:27 2019","ts11_Age-0_recruits_(1000s)_with_forecast_with_95_asymptotic_intervals_forecast.png",".",".","./ts11_Age-0_recruits_(1000s)_with_forecast_with_95_asymptotic_intervals_forecast.png"
"ts_summaryF.png","Summary F (definition of F depends on setting in starter.ss)","Timeseries",2019-08-06 12:19:53,"StartTime: Sun Aug 04 11:06:27 2019","ts_summaryF.png",".",".","./ts_summaryF.png"
"recdevs1_points.png","Recruitment deviations","RecDev",2019-08-06 12:19:53,"StartTime: Sun Aug 04 11:06:27 2019","recdevs1_points.png",".",".","./recdevs1_points.png"
"recdevs2_withbars.png","Recruitment deviations with 95% intervals","RecDev",2019-08-06 12:19:53,"StartTime: Sun Aug 04 11:06:27 2019","recdevs2_withbars.png",".",".","./recdevs2_withbars.png"
"recdevs3_varcheck.png","Recruitment deviations variance check.<br> See later figure of transformed variance values for comparison with bias adjustment settings in the model.","RecDev",2019-08-06 12:19:53,"StartTime: Sun Aug 04 11:06:27 2019","recdevs3_varcheck.png",".",".","./recdevs3_varcheck.png"
"recruit_fit_bias_adjust.png","Points are transformed variances. Red line shows current settings forfor bias adjustment specified in control file.Blue line shows least squares estimate of alternative bias adjustmentrelationship for recruitment deviations (which may or may not be animprovement. For more information, see<br> 
<blockquote>Methot, R.D. and Taylor, I.G., 2011. Adjusting for bias due to variability of estimated recruitments in fishery assessment models. <i>Can. J. Fish. Aquat. Sci.</i>, 68:1744-1760.</blockquote><br> 
Estimated alternative inputs to SS control file associated with blue line in figure: 
<pre>1995.0   #_last_early_yr_nobias_adj_in_MPD 
2017.0   #_first_yr_fullbias_adj_in_MPD 
2017.4   #_last_yr_fullbias_adj_in_MPD 
2018.9   #_first_recent_yr_nobias_adj_in_MPD 
0.6137   #_max_bias_adj_in_MPD (1.0 to mimic pre-2009 models)   </pre>","RecDev",2019-08-06 12:19:53,"StartTime: Sun Aug 04 11:06:27 2019","recruit_fit_bias_adjust.png",".",".","./recruit_fit_bias_adjust.png"
"SR_curve.png","Stock-recruit curve.  Point colors indicate year, with warmer colors indicating earlier years and cooler colors in showing later years.","S-R",2019-08-06 12:19:53,"StartTime: Sun Aug 04 11:06:27 2019","SR_curve.png",".",".","./SR_curve.png"
"SR_curve2.png","Stock-recruit curve with labels on first, last, and years with (log) deviations > 0.5. Point colors indicate year, with warmer colors indicating earlier years and cooler colors in showing later years.","S-R",2019-08-06 12:19:53,"StartTime: Sun Aug 04 11:06:27 2019","SR_curve2.png",".",".","./SR_curve2.png"
"SR_resids.png","Deviations around the stock-recruit curve. Labels are on first, last, and years with (log) deviations > 0.5. Point colors indicate year, with warmer colors indicating earlier years and cooler colors in showing later years.","S-R",2019-08-06 12:19:53,"StartTime: Sun Aug 04 11:06:27 2019","SR_resids.png",".",".","./SR_resids.png"
"catch1 landings.png","landings","Catch",2019-08-06 12:19:53,"StartTime: Sun Aug 04 11:06:27 2019","catch1 landings.png",".",".","./catch1 landings.png"
"catch2 landings stacked.png","landings stacked","Catch",2019-08-06 12:19:53,"StartTime: Sun Aug 04 11:06:27 2019","catch2 landings stacked.png",".",".","./catch2 landings stacked.png"
"catch9 harvest rate.png","harvest rate","Catch",2019-08-06 12:19:53,"StartTime: Sun Aug 04 11:06:27 2019","catch9 harvest rate.png",".",".","./catch9 harvest rate.png"
"SPR1_series.png","Timeseries of SPR","SPR",2019-08-06 12:19:53,"StartTime: Sun Aug 04 11:06:27 2019","SPR1_series.png",".",".","./SPR1_series.png"
"SPR2_minusSPRseries.png","Timeseries of 1-SPR","SPR",2019-08-06 12:19:53,"StartTime: Sun Aug 04 11:06:27 2019","SPR2_minusSPRseries.png",".",".","./SPR2_minusSPRseries.png"
"SPR3_ratiointerval.png","Timeseries of SPR ratio","SPR",2019-08-06 12:19:53,"StartTime: Sun Aug 04 11:06:27 2019","SPR3_ratiointerval.png",".",".","./SPR3_ratiointerval.png"
"SPR4_phase.png","Phase plot of biomass ratio vs. SPR ratio","SPR",2019-08-06 12:19:53,"StartTime: Sun Aug 04 11:06:27 2019","SPR4_phase.png",".",".","./SPR4_phase.png"
"index1_cpuedata_DebCPFV.png","Index data for DebCPFV. Lines indicate 95% uncertainty interval around index values. Thicker lines (if present) indicate input uncertainty before addition of estimated additional uncertainty parameter.","Index",2019-08-06 12:19:53,"StartTime: Sun Aug 04 11:06:27 2019","index1_cpuedata_DebCPFV.png",".",".","./index1_cpuedata_DebCPFV.png"
"index2_cpuefit_DebCPFV.png","Fit to index data for DebCPFV. Lines indicate 95% uncertainty interval around index values. Thicker lines (if present) indicate input uncertainty before addition of estimated additional uncertainty parameter.","Index",2019-08-06 12:19:53,"StartTime: Sun Aug 04 11:06:27 2019","index2_cpuefit_DebCPFV.png",".",".","./index2_cpuefit_DebCPFV.png"
"index3_cpuecheck_DebCPFV.png","Observed vs. expected index values with smoother for DebCPFV","Index",2019-08-06 12:19:53,"StartTime: Sun Aug 04 11:06:27 2019","index3_cpuecheck_DebCPFV.png",".",".","./index3_cpuecheck_DebCPFV.png"
"index4_logcpuedata_DebCPFV.png","Log index data for DebCPFV. Lines indicate 95% uncertainty interval around index values. Thicker lines (if present) indicate input uncertainty before addition of estimated additional uncertainty parameter.","Index",2019-08-06 12:19:53,"StartTime: Sun Aug 04 11:06:27 2019","index4_logcpuedata_DebCPFV.png",".",".","./index4_logcpuedata_DebCPFV.png"
"index5_logcpuefit_DebCPFV.png","Fit to log index data on log scale for DebCPFV. Lines indicate 95% uncertainty interval around index values. Thicker lines (if present) indicate input uncertainty before addition of estimated additional uncertainty parameter.","Index",2019-08-06 12:19:53,"StartTime: Sun Aug 04 11:06:27 2019","index5_logcpuefit_DebCPFV.png",".",".","./index5_logcpuefit_DebCPFV.png"
"index6_logcpuecheck_DebCPFV.png","log(observed) vs. log(expected) index values with smoother for DebCPFV","Index",2019-08-06 12:19:53,"StartTime: Sun Aug 04 11:06:27 2019","index6_logcpuecheck_DebCPFV.png",".",".","./index6_logcpuecheck_DebCPFV.png"
"index1_cpuedata_RecOnboardNorth.png","Index data for RecOnboardNorth. Lines indicate 95% uncertainty interval around index values. Thicker lines (if present) indicate input uncertainty before addition of estimated additional uncertainty parameter.","Index",2019-08-06 12:19:53,"StartTime: Sun Aug 04 11:06:27 2019","index1_cpuedata_RecOnboardNorth.png",".",".","./index1_cpuedata_RecOnboardNorth.png"
"index2_cpuefit_RecOnboardNorth.png","Fit to index data for RecOnboardNorth. Lines indicate 95% uncertainty interval around index values. Thicker lines (if present) indicate input uncertainty before addition of estimated additional uncertainty parameter.","Index",2019-08-06 12:19:53,"StartTime: Sun Aug 04 11:06:27 2019","index2_cpuefit_RecOnboardNorth.png",".",".","./index2_cpuefit_RecOnboardNorth.png"
"index3_cpuecheck_RecOnboardNorth.png","Observed vs. expected index values with smoother for RecOnboardNorth","Index",2019-08-06 12:19:53,"StartTime: Sun Aug 04 11:06:27 2019","index3_cpuecheck_RecOnboardNorth.png",".",".","./index3_cpuecheck_RecOnboardNorth.png"
"index4_logcpuedata_RecOnboardNorth.png","Log index data for RecOnboardNorth. Lines indicate 95% uncertainty interval around index values. Thicker lines (if present) indicate input uncertainty before addition of estimated additional uncertainty parameter.","Index",2019-08-06 12:19:53,"StartTime: Sun Aug 04 11:06:27 2019","index4_logcpuedata_RecOnboardNorth.png",".",".","./index4_logcpuedata_RecOnboardNorth.png"
"index5_logcpuefit_RecOnboardNorth.png","Fit to log index data on log scale for RecOnboardNorth. Lines indicate 95% uncertainty interval around index values. Thicker lines (if present) indicate input uncertainty before addition of estimated additional uncertainty parameter.","Index",2019-08-06 12:19:53,"StartTime: Sun Aug 04 11:06:27 2019","index5_logcpuefit_RecOnboardNorth.png",".",".","./index5_logcpuefit_RecOnboardNorth.png"
"index6_logcpuecheck_RecOnboardNorth.png","log(observed) vs. log(expected) index values with smoother for RecOnboardNorth","Index",2019-08-06 12:19:53,"StartTime: Sun Aug 04 11:06:27 2019","index6_logcpuecheck_RecOnboardNorth.png",".",".","./index6_logcpuecheck_RecOnboardNorth.png"
"index1_cpuedata_PISCO.png","Index data for PISCO. Lines indicate 95% uncertainty interval around index values. Thicker lines (if present) indicate input uncertainty before addition of estimated additional uncertainty parameter.","Index",2019-08-06 12:19:53,"StartTime: Sun Aug 04 11:06:27 2019","index1_cpuedata_PISCO.png",".",".","./index1_cpuedata_PISCO.png"
"index2_cpuefit_PISCO.png","Fit to index data for PISCO. Lines indicate 95% uncertainty interval around index values. Thicker lines (if present) indicate input uncertainty before addition of estimated additional uncertainty parameter.","Index",2019-08-06 12:19:53,"StartTime: Sun Aug 04 11:06:27 2019","index2_cpuefit_PISCO.png",".",".","./index2_cpuefit_PISCO.png"
"index3_cpuecheck_PISCO.png","Observed vs. expected index values with smoother for PISCO","Index",2019-08-06 12:19:53,"StartTime: Sun Aug 04 11:06:27 2019","index3_cpuecheck_PISCO.png",".",".","./index3_cpuecheck_PISCO.png"
"index4_logcpuedata_PISCO.png","Log index data for PISCO. Lines indicate 95% uncertainty interval around index values. Thicker lines (if present) indicate input uncertainty before addition of estimated additional uncertainty parameter.","Index",2019-08-06 12:19:53,"StartTime: Sun Aug 04 11:06:27 2019","index4_logcpuedata_PISCO.png",".",".","./index4_logcpuedata_PISCO.png"
"index5_logcpuefit_PISCO.png","Fit to log index data on log scale for PISCO. Lines indicate 95% uncertainty interval around index values. Thicker lines (if present) indicate input uncertainty before addition of estimated additional uncertainty parameter.","Index",2019-08-06 12:19:53,"StartTime: Sun Aug 04 11:06:27 2019","index5_logcpuefit_PISCO.png",".",".","./index5_logcpuefit_PISCO.png"
"index6_logcpuecheck_PISCO.png","log(observed) vs. log(expected) index values with smoother for PISCO","Index",2019-08-06 12:19:53,"StartTime: Sun Aug 04 11:06:27 2019","index6_logcpuecheck_PISCO.png",".",".","./index6_logcpuecheck_PISCO.png"
"index1_cpuedata_CCFRP.png","Index data for CCFRP. Lines indicate 95% uncertainty interval around index values. Thicker lines (if present) indicate input uncertainty before addition of estimated additional uncertainty parameter.","Index",2019-08-06 12:19:53,"StartTime: Sun Aug 04 11:06:27 2019","index1_cpuedata_CCFRP.png",".",".","./index1_cpuedata_CCFRP.png"
"index2_cpuefit_CCFRP.png","Fit to index data for CCFRP. Lines indicate 95% uncertainty interval around index values. Thicker lines (if present) indicate input uncertainty before addition of estimated additional uncertainty parameter.","Index",2019-08-06 12:19:53,"StartTime: Sun Aug 04 11:06:27 2019","index2_cpuefit_CCFRP.png",".",".","./index2_cpuefit_CCFRP.png"
"index3_cpuecheck_CCFRP.png","Observed vs. expected index values with smoother for CCFRP","Index",2019-08-06 12:19:53,"StartTime: Sun Aug 04 11:06:27 2019","index3_cpuecheck_CCFRP.png",".",".","./index3_cpuecheck_CCFRP.png"
"index4_logcpuedata_CCFRP.png","Log index data for CCFRP. Lines indicate 95% uncertainty interval around index values. Thicker lines (if present) indicate input uncertainty before addition of estimated additional uncertainty parameter.","Index",2019-08-06 12:19:53,"StartTime: Sun Aug 04 11:06:27 2019","index4_logcpuedata_CCFRP.png",".",".","./index4_logcpuedata_CCFRP.png"
"index5_logcpuefit_CCFRP.png","Fit to log index data on log scale for CCFRP. Lines indicate 95% uncertainty interval around index values. Thicker lines (if present) indicate input uncertainty before addition of estimated additional uncertainty parameter.","Index",2019-08-06 12:19:53,"StartTime: Sun Aug 04 11:06:27 2019","index5_logcpuefit_CCFRP.png",".",".","./index5_logcpuefit_CCFRP.png"
"index6_logcpuecheck_CCFRP.png","log(observed) vs. log(expected) index values with smoother for CCFRP","Index",2019-08-06 12:19:53,"StartTime: Sun Aug 04 11:06:27 2019","index6_logcpuecheck_CCFRP.png",".",".","./index6_logcpuecheck_CCFRP.png"
"index1_cpuedata_RecDocksideNorth.png","Index data for RecDocksideNorth. Lines indicate 95% uncertainty interval around index values. Thicker lines (if present) indicate input uncertainty before addition of estimated additional uncertainty parameter.","Index",2019-08-06 12:19:53,"StartTime: Sun Aug 04 11:06:27 2019","index1_cpuedata_RecDocksideNorth.png",".",".","./index1_cpuedata_RecDocksideNorth.png"
"index2_cpuefit_RecDocksideNorth.png","Fit to index data for RecDocksideNorth. Lines indicate 95% uncertainty interval around index values. Thicker lines (if present) indicate input uncertainty before addition of estimated additional uncertainty parameter.","Index",2019-08-06 12:19:53,"StartTime: Sun Aug 04 11:06:27 2019","index2_cpuefit_RecDocksideNorth.png",".",".","./index2_cpuefit_RecDocksideNorth.png"
"index3_cpuecheck_RecDocksideNorth.png","Observed vs. expected index values with smoother for RecDocksideNorth","Index",2019-08-06 12:19:53,"StartTime: Sun Aug 04 11:06:27 2019","index3_cpuecheck_RecDocksideNorth.png",".",".","./index3_cpuecheck_RecDocksideNorth.png"
"index4_logcpuedata_RecDocksideNorth.png","Log index data for RecDocksideNorth. Lines indicate 95% uncertainty interval around index values. Thicker lines (if present) indicate input uncertainty before addition of estimated additional uncertainty parameter.","Index",2019-08-06 12:19:53,"StartTime: Sun Aug 04 11:06:27 2019","index4_logcpuedata_RecDocksideNorth.png",".",".","./index4_logcpuedata_RecDocksideNorth.png"
"index5_logcpuefit_RecDocksideNorth.png","Fit to log index data on log scale for RecDocksideNorth. Lines indicate 95% uncertainty interval around index values. Thicker lines (if present) indicate input uncertainty before addition of estimated additional uncertainty parameter.","Index",2019-08-06 12:19:53,"StartTime: Sun Aug 04 11:06:27 2019","index5_logcpuefit_RecDocksideNorth.png",".",".","./index5_logcpuefit_RecDocksideNorth.png"
"index6_logcpuecheck_RecDocksideNorth.png","log(observed) vs. log(expected) index values with smoother for RecDocksideNorth","Index",2019-08-06 12:19:53,"StartTime: Sun Aug 04 11:06:27 2019","index6_logcpuecheck_RecDocksideNorth.png",".",".","./index6_logcpuecheck_RecDocksideNorth.png"
"index1_cpuedata_PISCOage0.png","Index data for PISCOage0. Lines indicate 95% uncertainty interval around index values. Thicker lines (if present) indicate input uncertainty before addition of estimated additional uncertainty parameter.","Index",2019-08-06 12:19:53,"StartTime: Sun Aug 04 11:06:27 2019","index1_cpuedata_PISCOage0.png",".",".","./index1_cpuedata_PISCOage0.png"
"index2_cpuefit_PISCOage0.png","Fit to index data for PISCOage0. Lines indicate 95% uncertainty interval around index values. Thicker lines (if present) indicate input uncertainty before addition of estimated additional uncertainty parameter.","Index",2019-08-06 12:19:53,"StartTime: Sun Aug 04 11:06:27 2019","index2_cpuefit_PISCOage0.png",".",".","./index2_cpuefit_PISCOage0.png"
"index3_cpuecheck_PISCOage0.png","Observed vs. expected index values with smoother for PISCOage0","Index",2019-08-06 12:19:53,"StartTime: Sun Aug 04 11:06:27 2019","index3_cpuecheck_PISCOage0.png",".",".","./index3_cpuecheck_PISCOage0.png"
"index4_logcpuedata_PISCOage0.png","Log index data for PISCOage0. Lines indicate 95% uncertainty interval around index values. Thicker lines (if present) indicate input uncertainty before addition of estimated additional uncertainty parameter.","Index",2019-08-06 12:19:53,"StartTime: Sun Aug 04 11:06:27 2019","index4_logcpuedata_PISCOage0.png",".",".","./index4_logcpuedata_PISCOage0.png"
"index5_logcpuefit_PISCOage0.png","Fit to log index data on log scale for PISCOage0. Lines indicate 95% uncertainty interval around index values. Thicker lines (if present) indicate input uncertainty before addition of estimated additional uncertainty parameter.","Index",2019-08-06 12:19:53,"StartTime: Sun Aug 04 11:06:27 2019","index5_logcpuefit_PISCOage0.png",".",".","./index5_logcpuefit_PISCOage0.png"
"index6_logcpuecheck_PISCOage0.png","log(observed) vs. log(expected) index values with smoother for PISCOage0","Index",2019-08-06 12:19:53,"StartTime: Sun Aug 04 11:06:27 2019","index6_logcpuecheck_PISCOage0.png",".",".","./index6_logcpuecheck_PISCOage0.png"
"index9_standcpueall.png","Standardized indices overlaid","Index",2019-08-06 12:19:53,"StartTime: Sun Aug 04 11:06:27 2019","index9_standcpueall.png",".",".","./index9_standcpueall.png"
"numbers1_sex1_beg.png","Beginning of year expected numbers at age in (max ~ 13.2 million)","Numbers",2019-08-06 12:19:53,"StartTime: Sun Aug 04 11:06:27 2019","numbers1_sex1_beg.png",".",".","./numbers1_sex1_beg.png"
"numbers1_sex1_mid.png","Middle of year expected numbers at age in (max ~ 12.0 million)","Numbers",2019-08-06 12:19:53,"StartTime: Sun Aug 04 11:06:27 2019","numbers1_sex1_mid.png",".",".","./numbers1_sex1_mid.png"
"numbers6_len_sex1.png","Beginning of year expected numbers at length in (max ~ 12.6 million)","Numbers",2019-08-06 12:19:53,"StartTime: Sun Aug 04 11:06:27 2019","numbers6_len_sex1.png",".",".","./numbers6_len_sex1.png"
"numbers6_len_sex1.png","Middle of year expected numbers at length in (max ~ 11.2 million)","Numbers",2019-08-06 12:19:53,"StartTime: Sun Aug 04 11:06:27 2019","numbers6_len_sex1.png",".",".","./numbers6_len_sex1.png"
"numbers4_equilagecomp.png","Equilibrium age distribution","Numbers",2019-08-06 12:19:53,"StartTime: Sun Aug 04 11:06:27 2019","numbers4_equilagecomp.png",".",".","./numbers4_equilagecomp.png"
"numbers5_ageerrorSD.png","Ageing imprecision: SD of observed age (yr)","Numbers",2019-08-06 12:19:53,"StartTime: Sun Aug 04 11:06:27 2019","numbers5_ageerrorSD.png",".",".","./numbers5_ageerrorSD.png"
"numbers5_ageerror_matrix_1.png","Ageing imprecision: matrix for method 1 <br>(White = 1.0, Orange = 0.5, Red = 0.0)","Numbers",2019-08-06 12:19:53,"StartTime: Sun Aug 04 11:06:27 2019","numbers5_ageerror_matrix_1.png",".",".","./numbers5_ageerror_matrix_1.png"
"numbers10_ageerror_matrix_1.png","Distribution of observed age at true age 
 for ageing error type 1","Numbers",2019-08-06 12:19:53,"StartTime: Sun Aug 04 11:06:27 2019","numbers10_ageerror_matrix_1.png",".",".","./numbers10_ageerror_matrix_1.png"
"comp_lendat_flt1mkt2.png","Length comp data, retained, Com.<br><br>'N adj.' is the input sample size after data-weighting adjustment. N eff. is the calculated effective sample size used in the McAllister-Iannelli tuning method.","CompDat",2019-08-06 12:19:53,"StartTime: Sun Aug 04 11:06:27 2019","comp_lendat_flt1mkt2.png",".",".","./comp_lendat_flt1mkt2.png"
"comp_lendat_bubflt1mkt2.png","Length comp data, retained, Com (max=0.29)","CompDat",2019-08-06 12:19:53,"StartTime: Sun Aug 04 11:06:27 2019","comp_lendat_bubflt1mkt2.png",".",".","./comp_lendat_bubflt1mkt2.png"
"comp_lendat_data_weighting_TA1.8_Com.png","Mean length for Com with 95% confidence intervals based on current samples sizes.","CompDat",2019-08-06 12:19:53,"StartTime: Sun Aug 04 11:06:27 2019","comp_lendat_data_weighting_TA1.8_Com.png",".",".","./comp_lendat_data_weighting_TA1.8_Com.png"
"comp_lendat_flt2mkt0.png","Length comp data, whole catch, RecNorth.<br><br>'N adj.' is the input sample size after data-weighting adjustment. N eff. is the calculated effective sample size used in the McAllister-Iannelli tuning method.","CompDat",2019-08-06 12:19:53,"StartTime: Sun Aug 04 11:06:27 2019","comp_lendat_flt2mkt0.png",".",".","./comp_lendat_flt2mkt0.png"
"comp_lendat_bubflt2mkt0.png","Length comp data, whole catch, RecNorth (max=0.22)","CompDat",2019-08-06 12:19:53,"StartTime: Sun Aug 04 11:06:27 2019","comp_lendat_bubflt2mkt0.png",".",".","./comp_lendat_bubflt2mkt0.png"
"comp_lendat_data_weighting_TA1.8_RecNorth.png","Mean length for RecNorth with 95% confidence intervals based on current samples sizes.","CompDat",2019-08-06 12:19:53,"StartTime: Sun Aug 04 11:06:27 2019","comp_lendat_data_weighting_TA1.8_RecNorth.png",".",".","./comp_lendat_data_weighting_TA1.8_RecNorth.png"
"comp_lendat_flt3mkt0.png","Length comp data, whole catch, RecSouth.<br><br>'N adj.' is the input sample size after data-weighting adjustment. N eff. is the calculated effective sample size used in the McAllister-Iannelli tuning method.","CompDat",2019-08-06 12:19:53,"StartTime: Sun Aug 04 11:06:27 2019","comp_lendat_flt3mkt0.png",".",".","./comp_lendat_flt3mkt0.png"
"comp_lendat_bubflt3mkt0.png","Length comp data, whole catch, RecSouth (max=0.41)","CompDat",2019-08-06 12:19:53,"StartTime: Sun Aug 04 11:06:27 2019","comp_lendat_bubflt3mkt0.png",".",".","./comp_lendat_bubflt3mkt0.png"
"comp_lendat_data_weighting_TA1.8_RecSouth.png","Mean length for RecSouth with 95% confidence intervals based on current samples sizes.","CompDat",2019-08-06 12:19:53,"StartTime: Sun Aug 04 11:06:27 2019","comp_lendat_data_weighting_TA1.8_RecSouth.png",".",".","./comp_lendat_data_weighting_TA1.8_RecSouth.png"
"comp_lendat_flt4mkt0.png","Length comp data, whole catch, DebCPFV.<br><br>'N adj.' is the input sample size after data-weighting adjustment. N eff. is the calculated effective sample size used in the McAllister-Iannelli tuning method.","CompDat",2019-08-06 12:19:53,"StartTime: Sun Aug 04 11:06:27 2019","comp_lendat_flt4mkt0.png",".",".","./comp_lendat_flt4mkt0.png"
"comp_lendat_bubflt4mkt0.png","Length comp data, whole catch, DebCPFV (max=0.18)","CompDat",2019-08-06 12:19:53,"StartTime: Sun Aug 04 11:06:27 2019","comp_lendat_bubflt4mkt0.png",".",".","./comp_lendat_bubflt4mkt0.png"
"comp_lendat_data_weighting_TA1.8_DebCPFV.png","Mean length for DebCPFV with 95% confidence intervals based on current samples sizes.","CompDat",2019-08-06 12:19:53,"StartTime: Sun Aug 04 11:06:27 2019","comp_lendat_data_weighting_TA1.8_DebCPFV.png",".",".","./comp_lendat_data_weighting_TA1.8_DebCPFV.png"
"comp_lendat_flt6mkt0.png","Length comp data, whole catch, PISCO.<br><br>'N adj.' is the input sample size after data-weighting adjustment. N eff. is the calculated effective sample size used in the McAllister-Iannelli tuning method.","CompDat",2019-08-06 12:19:53,"StartTime: Sun Aug 04 11:06:27 2019","comp_lendat_flt6mkt0.png",".",".","./comp_lendat_flt6mkt0.png"
"comp_lendat_bubflt6mkt0.png","Length comp data, whole catch, PISCO (max=0.4)","CompDat",2019-08-06 12:19:53,"StartTime: Sun Aug 04 11:06:27 2019","comp_lendat_bubflt6mkt0.png",".",".","./comp_lendat_bubflt6mkt0.png"
"comp_lendat_data_weighting_TA1.8_PISCO.png","Mean length for PISCO with 95% confidence intervals based on current samples sizes.","CompDat",2019-08-06 12:19:53,"StartTime: Sun Aug 04 11:06:27 2019","comp_lendat_data_weighting_TA1.8_PISCO.png",".",".","./comp_lendat_data_weighting_TA1.8_PISCO.png"
"comp_lendat_flt7mkt0.png","Length comp data, whole catch, CCFRP.<br><br>'N adj.' is the input sample size after data-weighting adjustment. N eff. is the calculated effective sample size used in the McAllister-Iannelli tuning method.","CompDat",2019-08-06 12:19:53,"StartTime: Sun Aug 04 11:06:27 2019","comp_lendat_flt7mkt0.png",".",".","./comp_lendat_flt7mkt0.png"
"comp_lendat_bubflt7mkt0.png","Length comp data, whole catch, CCFRP (max=0.19)","CompDat",2019-08-06 12:19:53,"StartTime: Sun Aug 04 11:06:27 2019","comp_lendat_bubflt7mkt0.png",".",".","./comp_lendat_bubflt7mkt0.png"
"comp_lendat_data_weighting_TA1.8_CCFRP.png","Mean length for CCFRP with 95% confidence intervals based on current samples sizes.","CompDat",2019-08-06 12:19:53,"StartTime: Sun Aug 04 11:06:27 2019","comp_lendat_data_weighting_TA1.8_CCFRP.png",".",".","./comp_lendat_data_weighting_TA1.8_CCFRP.png"
"comp_lendat__aggregated_across_time.png","Length comp data, aggregated across time by fleet.
 <br> Labels 'retained' and 'discard' indicate discarded or retained sampled for each fleet. Panels without this designation represent the whole catch.
","CompDat",2019-08-06 12:19:53,"StartTime: Sun Aug 04 11:06:27 2019","comp_lendat__aggregated_across_time.png",".",".","./comp_lendat__aggregated_across_time.png"
"comp_lendat__multi-fleet_comparison.png","Length comp data,  comparing across fleets","CompDat",2019-08-06 12:19:53,"StartTime: Sun Aug 04 11:06:27 2019","comp_lendat__multi-fleet_comparison.png",".",".","./comp_lendat__multi-fleet_comparison.png"
"comp_condAALdat_bubflt2mkt0.png","Conditional age-at-length data, whole catch, RecNorth (max=1)","CompDat",2019-08-06 12:19:53,"StartTime: Sun Aug 04 11:06:27 2019","comp_condAALdat_bubflt2mkt0.png",".",".","./comp_condAALdat_bubflt2mkt0.png"
"comp_condAALdat_data_weighting_TA1.8_condAgeRecNorth.png","Mean age from conditional data (aggregated across length bins) for RecNorth with 95% confidence intervals  based on current samples sizes.","CompDat",2019-08-06 12:19:53,"StartTime: Sun Aug 04 11:06:27 2019","comp_condAALdat_data_weighting_TA1.8_condAgeRecNorth.png",".",".","./comp_condAALdat_data_weighting_TA1.8_condAgeRecNorth.png"
"comp_condAALdat_Andre_plotsflt2mkt0_page1.png","Conditional AAL plot, whole catch, RecNorth (plot 1 of 3)
These plots show mean age and std. dev. in conditional A@L.<br>Left plots are mean A@L by size-class (obs. and pred.) with 90% CIs based on adding 1.64 SE of mean to the data.<br>Right plots in each pair are SE of mean A@L (obs. and pred.) with 90% CIs based on the chi-square distribution.","CompDat",2019-08-06 12:19:53,"StartTime: Sun Aug 04 11:06:27 2019","comp_condAALdat_Andre_plotsflt2mkt0_page1.png",".",".","./comp_condAALdat_Andre_plotsflt2mkt0_page1.png"
"comp_condAALdat_Andre_plotsflt2mkt0_page2.png","Conditional AAL plot, whole catch, RecNorth (plot 2 of 3)","CompDat",2019-08-06 12:19:53,"StartTime: Sun Aug 04 11:06:27 2019","comp_condAALdat_Andre_plotsflt2mkt0_page2.png",".",".","./comp_condAALdat_Andre_plotsflt2mkt0_page2.png"
"comp_condAALdat_Andre_plotsflt2mkt0_page3.png","Conditional AAL plot, whole catch, RecNorth (plot 3 of 3)","CompDat",2019-08-06 12:19:53,"StartTime: Sun Aug 04 11:06:27 2019","comp_condAALdat_Andre_plotsflt2mkt0_page3.png",".",".","./comp_condAALdat_Andre_plotsflt2mkt0_page3.png"
"comp_condAALdat_bubflt7mkt0.png","Conditional age-at-length data, whole catch, CCFRP (max=1)","CompDat",2019-08-06 12:19:53,"StartTime: Sun Aug 04 11:06:27 2019","comp_condAALdat_bubflt7mkt0.png",".",".","./comp_condAALdat_bubflt7mkt0.png"
"comp_condAALdat_data_weighting_TA1.8_condAgeCCFRP.png","Mean age from conditional data (aggregated across length bins) for CCFRP with 95% confidence intervals  based on current samples sizes.","CompDat",2019-08-06 12:19:53,"StartTime: Sun Aug 04 11:06:27 2019","comp_condAALdat_data_weighting_TA1.8_condAgeCCFRP.png",".",".","./comp_condAALdat_data_weighting_TA1.8_condAgeCCFRP.png"
"comp_condAALdat_Andre_plotsflt7mkt0_page1.png","Conditional AAL plot, whole catch, CCFRP (plot 1 of 3)
These plots show mean age and std. dev. in conditional A@L.<br>Left plots are mean A@L by size-class (obs. and pred.) with 90% CIs based on adding 1.64 SE of mean to the data.<br>Right plots in each pair are SE of mean A@L (obs. and pred.) with 90% CIs based on the chi-square distribution.","CompDat",2019-08-06 12:19:53,"StartTime: Sun Aug 04 11:06:27 2019","comp_condAALdat_Andre_plotsflt7mkt0_page1.png",".",".","./comp_condAALdat_Andre_plotsflt7mkt0_page1.png"
"comp_condAALdat_Andre_plotsflt7mkt0_page2.png","Conditional AAL plot, whole catch, CCFRP (plot 2 of 3)","CompDat",2019-08-06 12:19:53,"StartTime: Sun Aug 04 11:06:27 2019","comp_condAALdat_Andre_plotsflt7mkt0_page2.png",".",".","./comp_condAALdat_Andre_plotsflt7mkt0_page2.png"
"comp_condAALdat_Andre_plotsflt7mkt0_page3.png","Conditional AAL plot, whole catch, CCFRP (plot 3 of 3)","CompDat",2019-08-06 12:19:53,"StartTime: Sun Aug 04 11:06:27 2019","comp_condAALdat_Andre_plotsflt7mkt0_page3.png",".",".","./comp_condAALdat_Andre_plotsflt7mkt0_page3.png"
"comp_condAALdat_bubflt9mkt0.png","Conditional age-at-length data, whole catch, Dummy1 (max=1)","CompDat",2019-08-06 12:19:53,"StartTime: Sun Aug 04 11:06:27 2019","comp_condAALdat_bubflt9mkt0.png",".",".","./comp_condAALdat_bubflt9mkt0.png"
"comp_condAALdat_data_weighting_TA1.8_condAgeDummy1.png","Mean age from conditional data (aggregated across length bins) for Dummy1 with 95% confidence intervals  based on current samples sizes.","CompDat",2019-08-06 12:19:53,"StartTime: Sun Aug 04 11:06:27 2019","comp_condAALdat_data_weighting_TA1.8_condAgeDummy1.png",".",".","./comp_condAALdat_data_weighting_TA1.8_condAgeDummy1.png"
"comp_condAALdat_Andre_plotsflt9mkt0_page1.png","Conditional AAL plot, whole catch, Dummy1 (plot 1 of 5)
These plots show mean age and std. dev. in conditional A@L.<br>Left plots are mean A@L by size-class (obs. and pred.) with 90% CIs based on adding 1.64 SE of mean to the data.<br>Right plots in each pair are SE of mean A@L (obs. and pred.) with 90% CIs based on the chi-square distribution.","CompDat",2019-08-06 12:19:53,"StartTime: Sun Aug 04 11:06:27 2019","comp_condAALdat_Andre_plotsflt9mkt0_page1.png",".",".","./comp_condAALdat_Andre_plotsflt9mkt0_page1.png"
"comp_condAALdat_Andre_plotsflt9mkt0_page2.png","Conditional AAL plot, whole catch, Dummy1 (plot 2 of 5)","CompDat",2019-08-06 12:19:53,"StartTime: Sun Aug 04 11:06:27 2019","comp_condAALdat_Andre_plotsflt9mkt0_page2.png",".",".","./comp_condAALdat_Andre_plotsflt9mkt0_page2.png"
"comp_condAALdat_Andre_plotsflt9mkt0_page3.png","Conditional AAL plot, whole catch, Dummy1 (plot 3 of 5)","CompDat",2019-08-06 12:19:53,"StartTime: Sun Aug 04 11:06:27 2019","comp_condAALdat_Andre_plotsflt9mkt0_page3.png",".",".","./comp_condAALdat_Andre_plotsflt9mkt0_page3.png"
"comp_condAALdat_Andre_plotsflt9mkt0_page4.png","Conditional AAL plot, whole catch, Dummy1 (plot 4 of 5)","CompDat",2019-08-06 12:19:53,"StartTime: Sun Aug 04 11:06:27 2019","comp_condAALdat_Andre_plotsflt9mkt0_page4.png",".",".","./comp_condAALdat_Andre_plotsflt9mkt0_page4.png"
"comp_condAALdat_Andre_plotsflt9mkt0_page5.png","Conditional AAL plot, whole catch, Dummy1 (plot 5 of 5)","CompDat",2019-08-06 12:19:53,"StartTime: Sun Aug 04 11:06:27 2019","comp_condAALdat_Andre_plotsflt9mkt0_page5.png",".",".","./comp_condAALdat_Andre_plotsflt9mkt0_page5.png"
"comp_lenfit_flt1mkt2.png","Length comps, retained, Com.<br><br>'N adj.' is the input sample size after data-weighting adjustment. N eff. is the calculated effective sample size used in the McAllister-Iannelli tuning method.","LenComp",2019-08-06 12:19:53,"StartTime: Sun Aug 04 11:06:27 2019","comp_lenfit_flt1mkt2.png",".",".","./comp_lenfit_flt1mkt2.png"
"comp_lenfit_residsflt1mkt2.png","Pearson residuals, retained, Com (max=7.14) <br> 
Closed bubbles are positive residuals (observed > expected) and open bubbles are negative residuals (observed < expected).","LenComp",2019-08-06 12:19:53,"StartTime: Sun Aug 04 11:06:27 2019","comp_lenfit_residsflt1mkt2.png",".",".","./comp_lenfit_residsflt1mkt2.png"
"comp_lenfit_sampsize_flt1mkt2.png","N-EffN comparison, Length comps, retained, Com","LenComp",2019-08-06 12:19:53,"StartTime: Sun Aug 04 11:06:27 2019","comp_lenfit_sampsize_flt1mkt2.png",".",".","./comp_lenfit_sampsize_flt1mkt2.png"
"comp_lenfit_data_weighting_TA1.8_Com.png","Mean length for Com with 95% confidence intervals based on current samples sizes.<br>Francis data weighting method TA1.8: thinner intervals (with capped ends) show result of further adjusting sample sizes based on suggested multiplier (with 95% interval) for len data from Com:<br>0.9956 (0.6032-2.7408) <br><br>For more info, see<br> <blockquote>Francis, R.I.C.C. (2011). Data weighting in statistical fisheries stock assessment models. <i>Can. J. Fish. Aquat. Sci.</i> 68: 1124-1138.  <a href=https://doi.org/10.1139/f2011-025> https://doi.org/10.1139/f2011-025</a> </blockquote>","LenComp",2019-08-06 12:19:53,"StartTime: Sun Aug 04 11:06:27 2019","comp_lenfit_data_weighting_TA1.8_Com.png",".",".","./comp_lenfit_data_weighting_TA1.8_Com.png"
"comp_lenfit_flt2mkt0.png","Length comps, whole catch, RecNorth.<br><br>'N adj.' is the input sample size after data-weighting adjustment. N eff. is the calculated effective sample size used in the McAllister-Iannelli tuning method.","LenComp",2019-08-06 12:19:53,"StartTime: Sun Aug 04 11:06:27 2019","comp_lenfit_flt2mkt0.png",".",".","./comp_lenfit_flt2mkt0.png"
"comp_lenfit_residsflt2mkt0.png","Pearson residuals, whole catch, RecNorth (max=5.94) <br> 
Closed bubbles are positive residuals (observed > expected) and open bubbles are negative residuals (observed < expected).","LenComp",2019-08-06 12:19:53,"StartTime: Sun Aug 04 11:06:27 2019","comp_lenfit_residsflt2mkt0.png",".",".","./comp_lenfit_residsflt2mkt0.png"
"comp_lenfit_sampsize_flt2mkt0.png","N-EffN comparison, Length comps, whole catch, RecNorth","LenComp",2019-08-06 12:19:53,"StartTime: Sun Aug 04 11:06:27 2019","comp_lenfit_sampsize_flt2mkt0.png",".",".","./comp_lenfit_sampsize_flt2mkt0.png"
"comp_lenfit_data_weighting_TA1.8_RecNorth.png","Mean length for RecNorth with 95% confidence intervals based on current samples sizes.<br>Francis data weighting method TA1.8: thinner intervals (with capped ends) show result of further adjusting sample sizes based on suggested multiplier (with 95% interval) for len data from RecNorth:<br>0.9997 (0.6649-1.9152) <br><br>For more info, see<br> <blockquote>Francis, R.I.C.C. (2011). Data weighting in statistical fisheries stock assessment models. <i>Can. J. Fish. Aquat. Sci.</i> 68: 1124-1138.  <a href=https://doi.org/10.1139/f2011-025> https://doi.org/10.1139/f2011-025</a> </blockquote>","LenComp",2019-08-06 12:19:53,"StartTime: Sun Aug 04 11:06:27 2019","comp_lenfit_data_weighting_TA1.8_RecNorth.png",".",".","./comp_lenfit_data_weighting_TA1.8_RecNorth.png"
"comp_lenfit_flt3mkt0.png","Length comps, whole catch, RecSouth.<br><br>'N adj.' is the input sample size after data-weighting adjustment. N eff. is the calculated effective sample size used in the McAllister-Iannelli tuning method.","LenComp",2019-08-06 12:19:53,"StartTime: Sun Aug 04 11:06:27 2019","comp_lenfit_flt3mkt0.png",".",".","./comp_lenfit_flt3mkt0.png"
"comp_lenfit_residsflt3mkt0.png","Pearson residuals, whole catch, RecSouth (max=80.19) <br> 
Closed bubbles are positive residuals (observed > expected) and open bubbles are negative residuals (observed < expected).","LenComp",2019-08-06 12:19:53,"StartTime: Sun Aug 04 11:06:27 2019","comp_lenfit_residsflt3mkt0.png",".",".","./comp_lenfit_residsflt3mkt0.png"
"comp_lenfit_sampsize_flt3mkt0.png","N-EffN comparison, Length comps, whole catch, RecSouth","LenComp",2019-08-06 12:19:53,"StartTime: Sun Aug 04 11:06:27 2019","comp_lenfit_sampsize_flt3mkt0.png",".",".","./comp_lenfit_sampsize_flt3mkt0.png"
"comp_lenfit_data_weighting_TA1.8_RecSouth.png","Mean length for RecSouth with 95% confidence intervals based on current samples sizes.<br>Francis data weighting method TA1.8: thinner intervals (with capped ends) show result of further adjusting sample sizes based on suggested multiplier (with 95% interval) for len data from RecSouth:<br>1.0123 (0.4855-3.6945) <br><br>For more info, see<br> <blockquote>Francis, R.I.C.C. (2011). Data weighting in statistical fisheries stock assessment models. <i>Can. J. Fish. Aquat. Sci.</i> 68: 1124-1138.  <a href=https://doi.org/10.1139/f2011-025> https://doi.org/10.1139/f2011-025</a> </blockquote>","LenComp",2019-08-06 12:19:53,"StartTime: Sun Aug 04 11:06:27 2019","comp_lenfit_data_weighting_TA1.8_RecSouth.png",".",".","./comp_lenfit_data_weighting_TA1.8_RecSouth.png"
"comp_lenfit_flt4mkt0.png","Length comps, whole catch, DebCPFV.<br><br>'N adj.' is the input sample size after data-weighting adjustment. N eff. is the calculated effective sample size used in the McAllister-Iannelli tuning method.","LenComp",2019-08-06 12:19:53,"StartTime: Sun Aug 04 11:06:27 2019","comp_lenfit_flt4mkt0.png",".",".","./comp_lenfit_flt4mkt0.png"
"comp_lenfit_residsflt4mkt0.png","Pearson residuals, whole catch, DebCPFV (max=3.18) <br> 
Closed bubbles are positive residuals (observed > expected) and open bubbles are negative residuals (observed < expected).","LenComp",2019-08-06 12:19:53,"StartTime: Sun Aug 04 11:06:27 2019","comp_lenfit_residsflt4mkt0.png",".",".","./comp_lenfit_residsflt4mkt0.png"
"comp_lenfit_sampsize_flt4mkt0.png","N-EffN comparison, Length comps, whole catch, DebCPFV","LenComp",2019-08-06 12:19:53,"StartTime: Sun Aug 04 11:06:27 2019","comp_lenfit_sampsize_flt4mkt0.png",".",".","./comp_lenfit_sampsize_flt4mkt0.png"
"comp_lenfit_data_weighting_TA1.8_DebCPFV.png","Mean length for DebCPFV with 95% confidence intervals based on current samples sizes.<br>Francis data weighting method TA1.8: thinner intervals (with capped ends) show result of further adjusting sample sizes based on suggested multiplier (with 95% interval) for len data from DebCPFV:<br>1.035 (0.5657-4.9024) <br><br>For more info, see<br> <blockquote>Francis, R.I.C.C. (2011). Data weighting in statistical fisheries stock assessment models. <i>Can. J. Fish. Aquat. Sci.</i> 68: 1124-1138.  <a href=https://doi.org/10.1139/f2011-025> https://doi.org/10.1139/f2011-025</a> </blockquote>","LenComp",2019-08-06 12:19:53,"StartTime: Sun Aug 04 11:06:27 2019","comp_lenfit_data_weighting_TA1.8_DebCPFV.png",".",".","./comp_lenfit_data_weighting_TA1.8_DebCPFV.png"
"comp_lenfit_flt6mkt0.png","Length comps, whole catch, PISCO.<br><br>'N adj.' is the input sample size after data-weighting adjustment. N eff. is the calculated effective sample size used in the McAllister-Iannelli tuning method.","LenComp",2019-08-06 12:19:53,"StartTime: Sun Aug 04 11:06:27 2019","comp_lenfit_flt6mkt0.png",".",".","./comp_lenfit_flt6mkt0.png"
"comp_lenfit_residsflt6mkt0.png","Pearson residuals, whole catch, PISCO (max=7.07) <br> 
Closed bubbles are positive residuals (observed > expected) and open bubbles are negative residuals (observed < expected).","LenComp",2019-08-06 12:19:53,"StartTime: Sun Aug 04 11:06:27 2019","comp_lenfit_residsflt6mkt0.png",".",".","./comp_lenfit_residsflt6mkt0.png"
"comp_lenfit_sampsize_flt6mkt0.png","N-EffN comparison, Length comps, whole catch, PISCO","LenComp",2019-08-06 12:19:53,"StartTime: Sun Aug 04 11:06:27 2019","comp_lenfit_sampsize_flt6mkt0.png",".",".","./comp_lenfit_sampsize_flt6mkt0.png"
"comp_lenfit_data_weighting_TA1.8_PISCO.png","Mean length for PISCO with 95% confidence intervals based on current samples sizes.<br>Francis data weighting method TA1.8: thinner intervals (with capped ends) show result of further adjusting sample sizes based on suggested multiplier (with 95% interval) for len data from PISCO:<br>1.0049 (0.5528-2.9626) <br><br>For more info, see<br> <blockquote>Francis, R.I.C.C. (2011). Data weighting in statistical fisheries stock assessment models. <i>Can. J. Fish. Aquat. Sci.</i> 68: 1124-1138.  <a href=https://doi.org/10.1139/f2011-025> https://doi.org/10.1139/f2011-025</a> </blockquote>","LenComp",2019-08-06 12:19:53,"StartTime: Sun Aug 04 11:06:27 2019","comp_lenfit_data_weighting_TA1.8_PISCO.png",".",".","./comp_lenfit_data_weighting_TA1.8_PISCO.png"
"comp_lenfit_flt7mkt0.png","Length comps, whole catch, CCFRP.<br><br>'N adj.' is the input sample size after data-weighting adjustment. N eff. is the calculated effective sample size used in the McAllister-Iannelli tuning method.","LenComp",2019-08-06 12:19:53,"StartTime: Sun Aug 04 11:06:27 2019","comp_lenfit_flt7mkt0.png",".",".","./comp_lenfit_flt7mkt0.png"
"comp_lenfit_residsflt7mkt0.png","Pearson residuals, whole catch, CCFRP (max=1.06) <br> 
Closed bubbles are positive residuals (observed > expected) and open bubbles are negative residuals (observed < expected).","LenComp",2019-08-06 12:19:53,"StartTime: Sun Aug 04 11:06:27 2019","comp_lenfit_residsflt7mkt0.png",".",".","./comp_lenfit_residsflt7mkt0.png"
"comp_lenfit_sampsize_flt7mkt0.png","N-EffN comparison, Length comps, whole catch, CCFRP","LenComp",2019-08-06 12:19:53,"StartTime: Sun Aug 04 11:06:27 2019","comp_lenfit_sampsize_flt7mkt0.png",".",".","./comp_lenfit_sampsize_flt7mkt0.png"
"comp_lenfit_data_weighting_TA1.8_CCFRP.png","Mean length for CCFRP with 95% confidence intervals based on current samples sizes.<br>Francis data weighting method TA1.8: thinner intervals (with capped ends) show result of further adjusting sample sizes based on suggested multiplier (with 95% interval) for len data from CCFRP:<br>1.0752 (0.7065-3.2056) <br><br>For more info, see<br> <blockquote>Francis, R.I.C.C. (2011). Data weighting in statistical fisheries stock assessment models. <i>Can. J. Fish. Aquat. Sci.</i> 68: 1124-1138.  <a href=https://doi.org/10.1139/f2011-025> https://doi.org/10.1139/f2011-025</a> </blockquote>","LenComp",2019-08-06 12:19:53,"StartTime: Sun Aug 04 11:06:27 2019","comp_lenfit_data_weighting_TA1.8_CCFRP.png",".",".","./comp_lenfit_data_weighting_TA1.8_CCFRP.png"
"comp_lenfit__aggregated_across_time.png","Length comps, aggregated across time by fleet.
 <br> Labels 'retained' and 'discard' indicate discarded or retained sampled for each fleet. Panels without this designation represent the whole catch.
","LenComp",2019-08-06 12:19:53,"StartTime: Sun Aug 04 11:06:27 2019","comp_lenfit__aggregated_across_time.png",".",".","./comp_lenfit__aggregated_across_time.png"
"comp_lenfit__multi-fleet_comparison.png","Pearson residuals,  comparing across fleets <br> 
Closed bubbles are positive residuals (observed > expected) and open bubbles are negative residuals (observed < expected).","LenComp",2019-08-06 12:19:53,"StartTime: Sun Aug 04 11:06:27 2019","comp_lenfit__multi-fleet_comparison.png",".",".","./comp_lenfit__multi-fleet_comparison.png"
"comp_condAALfit_residsflt2mkt0.png","Pearson residuals, whole catch, RecNorth (max=5.99)","A@LComp",2019-08-06 12:19:53,"StartTime: Sun Aug 04 11:06:27 2019","comp_condAALfit_residsflt2mkt0.png",".",".","./comp_condAALfit_residsflt2mkt0.png"
"comp_condAALfit_residsflt7mkt0.png","Pearson residuals, whole catch, CCFRP (max=3.22)","A@LComp",2019-08-06 12:19:53,"StartTime: Sun Aug 04 11:06:27 2019","comp_condAALfit_residsflt7mkt0.png",".",".","./comp_condAALfit_residsflt7mkt0.png"
"comp_condAALfit_residsflt9mkt0.png","Pearson residuals, whole catch, Dummy1 (max=10.36)","A@LComp",2019-08-06 12:19:53,"StartTime: Sun Aug 04 11:06:27 2019","comp_condAALfit_residsflt9mkt0.png",".",".","./comp_condAALfit_residsflt9mkt0.png"
"comp_condAALfit_data_weighting_TA1.8_condAgeRecNorth.png","Mean age from conditional data (aggregated across length bins) for RecNorth with 95% confidence intervals  based on current samples sizes.<br>Francis data weighting method TA1.8: thinner intervals (with capped ends) show result of further adjusting sample sizes based on suggested multiplier (with 95% interval) for conditional age-at-length data from RecNorth:<br>0.9098 (0.5863-4.0531) <br><br>For more info, see<br> <blockquote>Francis, R.I.C.C. (2011). Data weighting in statistical fisheries stock assessment models. <i>Can. J. Fish. Aquat. Sci.</i> 68: 1124-1138.</blockquote>","A@LComp",2019-08-06 12:19:53,"StartTime: Sun Aug 04 11:06:27 2019","comp_condAALfit_data_weighting_TA1.8_condAgeRecNorth.png",".",".","./comp_condAALfit_data_weighting_TA1.8_condAgeRecNorth.png"
"comp_condAALfit_Andre_plotsflt2mkt0_page1.png","Conditional AAL plot, whole catch, RecNorth (plot 1 of 3)
These plots show mean age and std. dev. in conditional A@L.<br>Left plots are mean A@L by size-class (obs. and pred.) with 90% CIs based on adding 1.64 SE of mean to the data.<br>Right plots in each pair are SE of mean A@L (obs. and pred.) with 90% CIs based on the chi-square distribution.","A@LComp",2019-08-06 12:19:53,"StartTime: Sun Aug 04 11:06:27 2019","comp_condAALfit_Andre_plotsflt2mkt0_page1.png",".",".","./comp_condAALfit_Andre_plotsflt2mkt0_page1.png"
"comp_condAALfit_Andre_plotsflt2mkt0_page2.png","Conditional AAL plot, whole catch, RecNorth (plot 2 of 3)","A@LComp",2019-08-06 12:19:53,"StartTime: Sun Aug 04 11:06:27 2019","comp_condAALfit_Andre_plotsflt2mkt0_page2.png",".",".","./comp_condAALfit_Andre_plotsflt2mkt0_page2.png"
"comp_condAALfit_Andre_plotsflt2mkt0_page3.png","Conditional AAL plot, whole catch, RecNorth (plot 3 of 3)","A@LComp",2019-08-06 12:19:53,"StartTime: Sun Aug 04 11:06:27 2019","comp_condAALfit_Andre_plotsflt2mkt0_page3.png",".",".","./comp_condAALfit_Andre_plotsflt2mkt0_page3.png"
"comp_condAALfit_data_weighting_TA1.8_condAgeCCFRP.png","Mean age from conditional data (aggregated across length bins) for CCFRP with 95% confidence intervals  based on current samples sizes.<br>Francis data weighting method TA1.8: thinner intervals (with capped ends) show result of further adjusting sample sizes based on suggested multiplier (with 95% interval) for conditional age-at-length data from CCFRP:<br>0.8252 (0.5029-3.2575) <br><br>For more info, see<br> <blockquote>Francis, R.I.C.C. (2011). Data weighting in statistical fisheries stock assessment models. <i>Can. J. Fish. Aquat. Sci.</i> 68: 1124-1138.</blockquote>","A@LComp",2019-08-06 12:19:53,"StartTime: Sun Aug 04 11:06:27 2019","comp_condAALfit_data_weighting_TA1.8_condAgeCCFRP.png",".",".","./comp_condAALfit_data_weighting_TA1.8_condAgeCCFRP.png"
"comp_condAALfit_Andre_plotsflt7mkt0_page1.png","Conditional AAL plot, whole catch, CCFRP (plot 1 of 3)
These plots show mean age and std. dev. in conditional A@L.<br>Left plots are mean A@L by size-class (obs. and pred.) with 90% CIs based on adding 1.64 SE of mean to the data.<br>Right plots in each pair are SE of mean A@L (obs. and pred.) with 90% CIs based on the chi-square distribution.","A@LComp",2019-08-06 12:19:53,"StartTime: Sun Aug 04 11:06:27 2019","comp_condAALfit_Andre_plotsflt7mkt0_page1.png",".",".","./comp_condAALfit_Andre_plotsflt7mkt0_page1.png"
"comp_condAALfit_Andre_plotsflt7mkt0_page2.png","Conditional AAL plot, whole catch, CCFRP (plot 2 of 3)","A@LComp",2019-08-06 12:19:53,"StartTime: Sun Aug 04 11:06:27 2019","comp_condAALfit_Andre_plotsflt7mkt0_page2.png",".",".","./comp_condAALfit_Andre_plotsflt7mkt0_page2.png"
"comp_condAALfit_Andre_plotsflt7mkt0_page3.png","Conditional AAL plot, whole catch, CCFRP (plot 3 of 3)","A@LComp",2019-08-06 12:19:53,"StartTime: Sun Aug 04 11:06:27 2019","comp_condAALfit_Andre_plotsflt7mkt0_page3.png",".",".","./comp_condAALfit_Andre_plotsflt7mkt0_page3.png"
"comp_condAALfit_data_weighting_TA1.8_condAgeDummy1.png","Mean age from conditional data (aggregated across length bins) for Dummy1 with 95% confidence intervals  based on current samples sizes.<br>Francis data weighting method TA1.8: thinner intervals (with capped ends) show result of further adjusting sample sizes based on suggested multiplier (with 95% interval) for conditional age-at-length data from Dummy1:<br>0.9148 (0.5033-3.8414) <br><br>For more info, see<br> <blockquote>Francis, R.I.C.C. (2011). Data weighting in statistical fisheries stock assessment models. <i>Can. J. Fish. Aquat. Sci.</i> 68: 1124-1138.</blockquote>","A@LComp",2019-08-06 12:19:53,"StartTime: Sun Aug 04 11:06:27 2019","comp_condAALfit_data_weighting_TA1.8_condAgeDummy1.png",".",".","./comp_condAALfit_data_weighting_TA1.8_condAgeDummy1.png"
"comp_condAALfit_Andre_plotsflt9mkt0_page1.png","Conditional AAL plot, whole catch, Dummy1 (plot 1 of 5)
These plots show mean age and std. dev. in conditional A@L.<br>Left plots are mean A@L by size-class (obs. and pred.) with 90% CIs based on adding 1.64 SE of mean to the data.<br>Right plots in each pair are SE of mean A@L (obs. and pred.) with 90% CIs based on the chi-square distribution.","A@LComp",2019-08-06 12:19:53,"StartTime: Sun Aug 04 11:06:27 2019","comp_condAALfit_Andre_plotsflt9mkt0_page1.png",".",".","./comp_condAALfit_Andre_plotsflt9mkt0_page1.png"
"comp_condAALfit_Andre_plotsflt9mkt0_page2.png","Conditional AAL plot, whole catch, Dummy1 (plot 2 of 5)","A@LComp",2019-08-06 12:19:53,"StartTime: Sun Aug 04 11:06:27 2019","comp_condAALfit_Andre_plotsflt9mkt0_page2.png",".",".","./comp_condAALfit_Andre_plotsflt9mkt0_page2.png"
"comp_condAALfit_Andre_plotsflt9mkt0_page3.png","Conditional AAL plot, whole catch, Dummy1 (plot 3 of 5)","A@LComp",2019-08-06 12:19:53,"StartTime: Sun Aug 04 11:06:27 2019","comp_condAALfit_Andre_plotsflt9mkt0_page3.png",".",".","./comp_condAALfit_Andre_plotsflt9mkt0_page3.png"
"comp_condAALfit_Andre_plotsflt9mkt0_page4.png","Conditional AAL plot, whole catch, Dummy1 (plot 4 of 5)","A@LComp",2019-08-06 12:19:53,"StartTime: Sun Aug 04 11:06:27 2019","comp_condAALfit_Andre_plotsflt9mkt0_page4.png",".",".","./comp_condAALfit_Andre_plotsflt9mkt0_page4.png"
"comp_condAALfit_Andre_plotsflt9mkt0_page5.png","Conditional AAL plot, whole catch, Dummy1 (plot 5 of 5)","A@LComp",2019-08-06 12:19:53,"StartTime: Sun Aug 04 11:06:27 2019","comp_condAALfit_Andre_plotsflt9mkt0_page5.png",".",".","./comp_condAALfit_Andre_plotsflt9mkt0_page5.png"
"yield1_yield_curve.png","Yield curve","Yield",2019-08-06 12:19:53,"StartTime: Sun Aug 04 11:06:27 2019","yield1_yield_curve.png",".",".","./yield1_yield_curve.png"
"yield2_Hilborn_surplus_production.png","Surplus production plot. For interpretation, see<br> <blockquote>Walters, Hilborn, and  Christensen, 2008, Surplus production dynamics in declining and recovering fish populations. <i>Can. J. Fish. Aquat. Sci.</i> 65: 2536-2551.</blockquote>","Yield",2019-08-06 12:19:53,"StartTime: Sun Aug 04 11:06:27 2019","yield2_Hilborn_surplus_production.png",".",".","./yield2_Hilborn_surplus_production.png"
"data_plot.png","Data presence by year for each fleet and data type","Data",2019-08-06 12:19:53,"StartTime: Sun Aug 04 11:06:27 2019","data_plot.png",".",".","./data_plot.png"
"data_plot2.png","Data presence by year for each fleet, where circle area is <br>  relative within a data type. Circles are proportional to <br>  total catch for catches; to precision for indices, discards, and <br>  mean body weight observations; and to total sample size for <br> compositions and mean weight- or length-at-age observations. <br> 'Ghost' observations (not included in the likelihood) have <br> equal size for all years. <br> Note that since the circles are are scaled relative <br>  to maximum within each type, the scaling within separate plots <br>  should not be compared.","Data",2019-08-06 12:19:53,"StartTime: Sun Aug 04 11:06:27 2019","data_plot2.png",".",".","./data_plot2.png"
"parameterchecks.html","Table of estimated parameters sorted by parameters with the largest gradients; any parameter with a gradient value with an absolute value above 0.001 (for SS 3.30 models) or a parameter on bounds is colored in red.","DiagnosticTables",2019-08-06 12:19:53,"StartTime: Sun Aug 04 11:06:27 2019","parameterchecks.html",".",".","./parameterchecks.html"
